Game,Score,Annealing Time,Fitness Score
1,22,6.71344,3.7e-005
2,19,2.83813,6e-005
3,11,0.138764,3.7e-005
4,22,15.6483,0.000122
5,7,0.089102,0.000245
6,7,11.573,0.000127
7,6,2.03519,0.000136
8,16,2.08611,2.8e-005
9,27,2.78551,1.9e-005
10,7,6.06863,0.000374
11,16,7.18435,1.9e-005
12,11,3.49186,0.000233
13,20,15.5566,0.000227
14,6,0.10296,0.000123
15,17,10.0875,0.000138
16,17,2.06445,4.5e-005
17,14,7.08491,5e-005
18,10,3.60751,0.000477
19,9,5.31245,0.000136
20,19,4.77178,3.9e-005
21,3,0.037158,0.000663
22,34,7.69858,0.000243
23,13,7.29477,0.000223
24,6,0.106681,6.4e-005
25,23,8.58663,0.000243
26,24,16.4461,0.000195
27,12,3.24854,0.000108
28,3,0.024786,0.000928
29,17,10.1201,0.000123
30,11,9.409,0.000481
31,6,0.095015,5.6e-005
32,5,0.090762,0.000121
33,15,17.3655,4e-006
34,21,1.38938,0.000337
35,18,2.48928,9.7e-005
36,16,4.60201,0.000331
37,13,7.86061,0.000964
38,9,0.201107,0.00017
39,11,3.72049,0.000152
40,24,5.38352,0.00015
41,7,0.678354,4e-005
42,13,8.99965,2e-005
43,7,4.98515,2.7e-005
44,6,0.981265,9e-005
45,6,0.125978,4.2e-005
46,16,7.3766,2.1e-005
47,12,4.8753,0.000222
48,23,3.00938,0.005528
49,10,3.63351,9e-005
50,11,4.83295,5e-005
51,15,6.31616,6e-006
52,4,0.044038,0.000734
53,19,9.52769,0.000131
54,9,2.53954,0.000203
55,7,0.095844,0.000722
56,8,0.580002,0.000113
57,4,0.054098,0.000124
58,9,2.24692,0.000101
59,14,3.04556,7e-006
60,18,5.21544,0.000106
61,37,23.7466,0.000877
62,10,5.12434,5e-005
63,32,18.6012,0.000368
64,22,10.2979,3.6e-005
65,9,0.174028,0.000309
66,8,11.4436,0.000149
67,10,2.32074,2.5e-005
68,13,0.256462,0.00015
69,12,0.256035,4.6e-005
70,17,19.7855,7.7e-005
71,7,2.70752,0.000149
72,15,17.5705,5.2e-005
73,5,2.71901,0.000256
74,12,0.769783,0.000203
75,5,0.108773,6.6e-005
76,5,0.081082,0.000319
77,12,2.10835,0.000187
78,20,9.26636,6.7e-005
79,13,1.14074,5.8e-005
80,8,0.142017,0.000128
81,10,0.181999,0.000344
82,16,3.63499,5.8e-005
83,6,2.95682,0.000292
84,11,7.80745,9.9e-005
85,24,13.8442,3.8e-005
86,31,2.46401,0.000116
87,20,3.15109,0.000274
88,17,7.6344,8e-006
89,14,2.79606,0.000588
90,15,5.73171,0.000197
91,24,16.3698,1.4e-005
92,12,2.85833,0.001345
93,15,0.269102,6.7e-005
94,12,0.593142,1.1e-005
95,19,11.5893,2.4e-005
96,3,0.034816,9.8e-005
97,50,37.5692,1.6e-005
98,10,0.210482,0.000226
99,14,2.10246,0.000428
100,20,2.4767,5e-005
101,20,12.4369,0.000194
102,9,1.80014,0.000112
103,11,3.21403,0.000121
104,12,3.14055,1.8e-005
105,25,13.5862,0.000927
106,5,0.086429,9.3e-005
107,28,16.256,0.000825
108,11,0.21816,5e-005
109,19,7.31018,9e-006
110,21,4.33463,0.000282
111,19,2.31702,0.000548
112,18,7.91407,0.000104
113,7,4.71544,0.000614
114,13,0.236628,0.000177
115,16,3.05611,9.9e-005
116,21,9.82012,4e-006
117,50,10.1803,0.00131
118,16,5.39734,5.4e-005
119,13,0.309455,0.000171
120,18,2.14956,0.000888
121,16,3.71935,7e-006
122,9,1.78534,0.000239
123,10,0.240111,0.000757
124,7,1.84849,2.3e-005
125,12,2.66808,0.000249
126,31,25.9441,0.000258
127,40,24.8116,0.000118
128,10,0.517345,5.8e-005
129,5,0.194181,0.000178
130,7,1.57169,0.000338
131,5,0.437931,3.9e-005
132,16,10.1861,7.7e-005
133,16,9.3275,4.3e-005
134,16,1.97674,3.9e-005
135,8,5.00036,0.000281
136,48,18.5306,0.000155
137,6,5.36891,7.3e-005
138,33,13.4929,0.000197
139,12,5.22882,8.5e-005
140,13,3.59179,2.1e-005
141,4,0.048155,0.000329
142,31,19.7397,2.7e-005
143,25,9.65911,0.000118
144,13,13.6724,4.5e-005
145,9,0.447411,0.000899
146,11,0.43961,0.000203
147,5,0.054859,0.001157
148,12,9.20818,6.7e-005
149,15,1.05276,0.00167
150,24,6.36553,0.000335
151,9,9.27084,0.000223
152,10,0.161009,0.000139
153,23,3.1387,5e-005
154,5,0.072952,0.000117
155,12,1.61437,9.6e-005
156,10,0.330577,0.000211
157,59,36.87,9.5e-005
158,9,0.20077,0.000517
159,21,3.20162,0.000149
160,21,0.626581,3.5e-005
161,11,0.200192,0.00029
162,23,8.17902,5.2e-005
163,6,0.091237,2.9e-005
164,12,0.868074,0.000135
165,17,7.77226,1.7e-005
166,13,0.157044,7e-005
167,9,0.465531,9.9e-005
168,9,3.43577,0.000212
169,4,0.041914,0.000944
170,7,0.093962,0.000148
171,11,0.171278,0.000175
172,16,0.260537,8.4e-005
173,13,13.2345,4.9e-005
174,11,0.205763,3.5e-005
175,8,1.66719,0.000383
176,30,13.9247,3e-005
177,16,1.01226,6.6e-005
178,25,24.0067,4e-005
179,8,1.66903,0.000396
180,20,4.65293,9.4e-005
181,9,0.1803,0.000185
182,16,0.341841,0.000197
183,11,9.37107,7.5e-005
184,9,0.890825,0.000182
185,14,3.42425,0.000232
186,9,0.146899,0.000102
187,34,15.0602,6.6e-005
188,6,0.199726,1.4e-005
189,6,2.00409,7.5e-005
190,5,0.101156,6e-005
191,24,18.1945,2.5e-005
192,11,5.43311,0.000694
193,18,4.78927,5e-005
194,44,19.108,7.8e-005
195,39,14.0369,0.000238
196,14,7.54009,0.000154
197,11,6.01894,0.0002
198,7,1.37446,7.4e-005
199,12,0.202161,0.000188
200,9,4.01187,8.4e-005
201,7,0.125443,0.000589
202,10,0.161698,0.000155
203,13,2.44775,7.1e-005
204,8,2.08214,8.1e-005
205,13,3.99772,0.000208
206,15,1.44087,0.00061
207,8,0.120491,0.000188
208,9,1.38415,0.000151
209,14,0.24841,6.3e-005
210,16,1.50361,0.000208
211,11,0.307906,0.000584
212,7,0.100751,0.00011
213,16,4.1141,0.000132
214,31,6.40046,0.000248
215,8,4.08302,0.000267
216,20,11.353,6.6e-005
217,8,0.148039,0.000149
218,40,14.3603,0.000128
219,5,1.41814,0.000242
220,17,12.1009,1.8e-005
221,11,0.153304,5.4e-005
222,22,8.40676,0.000169
223,3,0.029148,0.000484
224,19,1.61186,5.7e-005
225,8,0.105766,6.9e-005
226,30,18.0085,1.7e-005
227,6,5.54177,0.00012
228,20,5.85339,0.000262
229,21,0.346158,3.8e-005
230,21,9.04159,5.1e-005
231,13,8.34344,3.8e-005
232,33,20.8531,9e-005
233,26,9.2425,0.000168
234,5,0.050087,0.001453
235,8,0.129265,3.3e-005
236,12,2.56605,0.000201
237,12,2.29369,7e-006
238,20,2.95765,3.7e-005
239,22,14.5637,5e-005
240,14,5.55723,0.00013
241,8,2.09419,0.000193
242,10,9.82015,0.000149
243,10,4.78801,5.5e-005
244,7,0.104915,0.000392
245,15,0.178412,8.3e-005
246,11,1.44741,4e-005
247,8,0.154557,0.000152
248,12,0.171289,4e-005
249,36,8.08279,0.000109
250,17,3.77901,0.000101
251,30,17.4341,0.00014
252,5,1.33928,0.000241
253,19,6.97984,3.6e-005
254,6,0.087732,3.4e-005
255,21,16.0999,2.6e-005
256,13,0.189965,0.000283
257,24,10.5873,0.000427
258,11,5.15155,0.00013
259,18,12.9436,2.2e-005
260,6,0.091063,0.000218
261,11,10.3319,0.000154
262,9,0.781301,0.00053
263,6,2.13792,2.8e-005
264,7,0.071503,0.000176
265,14,1.46013,4.4e-005
266,17,8.55124,7e-005
267,5,0.750815,0.000169
268,19,0.361902,0.00013
269,30,13.6933,1.2e-005
270,7,1.47512,7.8e-005
271,8,0.130289,4.4e-005
272,6,1.33782,0.000133
273,13,3.47371,0.000427
274,9,0.139296,0.000338
275,7,1.43675,8.6e-005
276,8,0.234749,4.8e-005
277,13,9.16095,8.5e-005
278,5,4.9205,9.2e-005
279,19,2.92692,0.000191
280,7,0.076051,0.000853
281,13,0.614861,5e-006
282,8,5.22548,3.5e-005
283,28,5.87844,0.000294
284,22,16.8442,0.000303
285,6,0.150072,6e-005
286,9,1.58072,4.4e-005
287,11,2.27829,7.2e-005
288,10,0.152626,0.000186
289,10,3.38733,9.3e-005
290,10,0.138589,5.9e-005
291,7,2.16836,0.000124
292,9,0.105307,7.1e-005
293,8,2.0799,4.8e-005
294,12,0.161894,7.3e-005
295,8,0.090482,0.000237
296,13,0.187883,9.9e-005
297,16,2.31083,0.000124
298,13,0.207573,0.000311
299,25,5.62928,8.8e-005
300,12,0.180653,0.000162
301,10,0.154574,0.000131
302,18,11.1857,0.000241
303,6,0.061599,6.6e-005
304,20,17.615,0.000127
305,20,4.0417,3.3e-005
306,14,1.49036,0.000117
307,10,0.104383,5.6e-005
308,9,6.26673,7.3e-005
309,16,0.59163,2.7e-005
310,9,3.93203,0.000109
311,24,9.42532,0.000262
312,33,11.508,6.5e-005
313,4,0.110728,0.000184
314,8,0.096928,0.000418
315,11,0.532108,4.1e-005
316,14,4.10985,2e-006
317,21,5.25898,0.000813
318,34,20.7835,3e-006
319,18,1.67815,7.7e-005
320,10,0.188542,5.7e-005
321,14,0.95118,0.000137
322,6,0.074726,0.000232
323,15,0.259325,9.1e-005
324,7,2.76332,0.000183
325,9,0.162762,0.000109
326,6,0.064635,0.00028
327,27,4.22004,0.000687
328,42,23.3743,1.8e-005
329,11,0.135513,0.000434
330,19,4.14256,0.000127
331,6,0.073389,6.6e-005
332,32,4.99828,8e-005
333,2,0.013688,0.000798
334,27,21.0676,0.000257
335,18,8.23493,0.000118
336,10,3.86894,0.000108
337,16,2.22865,1.8e-005
338,8,0.122892,0.000361
339,13,0.25005,0.000142
340,14,0.228636,0.000246
341,17,11.9028,3.6e-005
342,11,2.64281,0.000248
343,24,7.32556,6e-006
344,5,0.050037,0.000219
345,11,6.49353,4.1e-005
346,5,4.82936,6.4e-005
347,12,0.13779,0.000549
348,15,1.50541,0.00011
349,23,4.86749,6.1e-005
350,7,0.074427,0.000135
351,7,0.095484,0.000128
352,10,0.138399,0.000123
353,16,4.17939,0.000141
354,37,20.0582,0.000138
355,13,0.202413,0.000142
356,9,2.32377,0.00017
357,22,3.84204,0.0005
358,22,15.3052,1.2e-005
359,7,0.116565,6.6e-005
360,5,0.06093,0.000113
361,17,3.12325,9.6e-005
362,25,5.09214,7.8e-005
363,20,10.5304,0.000225
364,10,1.47451,0.000323
365,4,0.075952,0.000337
366,17,6.8776,0.000244
367,13,4.21229,0.000189
368,10,1.46012,0.000216
369,11,3.84269,0.000141
370,20,9.16805,0.000184
371,34,20.1771,7e-005
372,13,0.191989,0.000146
373,6,0.075001,9.9e-005
374,6,0.11385,8.6e-005
375,7,1.40346,0.000134
376,17,0.278332,7.1e-005
377,8,8.33494,0.000123
378,10,6.92359,0.000153
379,16,2.24972,0.000187
380,23,0.582298,0.000108
381,11,0.175857,7.5e-005
382,14,15.4845,0.000108
383,6,0.085189,0.000248
384,17,1.65722,0.000128
385,35,11.5171,0.00012
386,15,0.572934,0.000521
387,4,0.048504,0.00018
388,8,8.09157,3.5e-005
389,5,0.052694,0.000138
390,6,0.082407,0.000139
391,4,1.40128,0.00021
392,6,0.091525,0.000156
393,20,11.7511,6e-006
394,10,5.54465,8.9e-005
395,12,4.96324,6e-005
396,13,6.76055,9.9e-005
397,29,7.46487,2.9e-005
398,5,0.06278,0.000162
399,20,10.2059,0.000138
400,5,0.205553,1.6e-005
401,17,3.93168,6.8e-005
402,15,5.48542,4.7e-005
403,18,0.283156,0.00016
404,7,4.73138,6e-006
405,26,8.52151,2.9e-005
406,8,0.856811,4.7e-005
407,14,3.80661,0.000475
408,20,8.05596,1.5e-005
409,18,6.27351,5.5e-005
410,10,1.78208,0.000189
411,7,0.146261,4e-005
412,16,2.41729,1.6e-005
413,5,0.074404,0.000232
414,13,0.227297,4e-005
415,10,7.88271,4e-005
416,16,12.7312,0.000346
417,16,2.7219,0.00062
418,7,2.79123,0.000188
419,11,8.30483,3.8e-005
420,22,10.1385,0.000185
421,18,14.5282,9.3e-005
422,4,0.044901,0.000115
423,5,0.068181,0.000803
424,6,0.10692,8.9e-005
425,9,9.08781,0.001133
426,19,9.16225,7e-006
427,5,0.096318,9.2e-005
428,19,3.56096,9.5e-005
429,7,0.111105,0.000133
430,7,0.18383,4.9e-005
431,7,1.75086,0.000626
432,11,0.2211,0.000138
433,7,2.63572,0.000719
434,17,2.92672,2.5e-005
435,5,0.076992,0.00016
436,11,0.165919,9.3e-005
437,16,12.3955,0.000102
438,14,3.531,2.6e-005
439,4,0.056079,0.000187
440,14,9.47395,7.4e-005
441,32,9.44833,6e-005
442,39,6.35361,8e-005
443,16,6.20607,0.000142
444,7,0.101293,1e-005
445,13,6.16199,0.000239
446,15,0.96102,0.000106
447,22,7.71052,8.1e-005
448,11,2.23098,3.6e-005
449,5,0.053218,0.00018
450,17,2.07877,0.000151
451,17,4.32229,0.000118
452,24,22.568,1.9e-005
453,16,1.99685,0.00036
454,11,10.0588,4.5e-005
455,10,2.13564,5.4e-005
456,11,9.82461,2.5e-005
457,31,8.98579,0.000104
458,7,0.078214,0.000131
459,8,1.42039,3.1e-005
460,16,4.49629,7.7e-005
461,7,0.250735,0.000434
462,5,0.092592,0.000165
463,13,3.42832,0.000321
464,26,27.8855,6.2e-005
465,12,1.5129,7e-006
466,8,0.093252,6.2e-005
467,10,0.140762,0.000153
468,27,7.84102,0.000555
469,8,2.14479,0.000192
470,23,11.2383,9.2e-005
471,15,2.65551,8.6e-005
472,44,15.2154,4e-005
473,34,9.13895,5.7e-005
474,9,0.099716,0.000362
475,17,13.0183,4e-005
476,24,8.53892,6.4e-005
477,31,6.38682,0.000108
478,23,5.35057,5.6e-005
479,14,9.79841,3.2e-005
480,8,0.140439,0.000121
481,9,2.19879,6.1e-005
482,43,18.5297,6e-005
483,4,0.04108,0.000354
484,10,2.24577,5.8e-005
485,32,7.22402,4.2e-005
486,7,0.199977,0.000218
487,5,0.075355,0.000102
488,31,12.3404,2e-005
489,25,2.4641,4.1e-005
490,8,4.21786,8e-005
491,22,8.53825,5.2e-005
492,34,10.2952,0.000192
493,14,0.183702,0.000132
494,19,4.91383,4.8e-005
495,19,4.26456,0.000269
496,13,2.30117,2.8e-005
497,19,0.300992,0.000119
498,18,5.68089,0.000147
499,5,0.059006,0.000117
500,13,0.152899,2.3e-005
501,18,8.08451,4.6e-005
502,15,4.1778,8.3e-005
503,24,4.58962,4.6e-005
504,18,7.29573,2e-005
505,8,0.105156,0.000347
506,19,4.6111,0.000127
507,8,0.108286,0.000234
508,21,4.01648,0.000454
509,7,0.063702,1.8e-005
510,27,13.0098,0.000365
511,11,2.18942,3.1e-005
512,9,2.14636,0.000107
513,28,18.8524,2.7e-005
514,19,7.27106,8.2e-005
515,12,8.9824,1.1e-005
516,5,0.0525,3.3e-005
517,20,14.0083,1.3e-005
518,11,9.62903,0.000273
519,28,13.9929,2.9e-005
520,8,2.1657,0.000223
521,27,3.13725,3.5e-005
522,11,4.25093,0.000188
523,6,0.090771,5.4e-005
524,3,0.028216,0.000358
525,7,0.082519,0.000671
526,10,4.07653,5.5e-005
527,13,3.03716,0.000677
528,12,3.5268,3.4e-005
529,20,6.55544,0.000224
530,6,0.079069,1.5e-005
531,12,1.50157,9.4e-005
532,14,5.16683,1.1e-005
533,14,2.26846,1.2e-005
534,21,17.6007,7.1e-005
535,8,0.139808,9.8e-005
536,16,0.234751,3.6e-005
537,18,6.52069,4e-005
538,11,8.79121,9e-006
539,25,12.3417,1.6e-005
540,7,0.072009,0.00013
541,13,0.213033,0.000156
542,6,0.072104,0.000605
543,25,2.39321,7.3e-005
544,11,0.205735,0.000103
545,27,4.57637,0.00019
546,8,0.163713,0.000118
547,9,0.116711,0.000796
548,15,4.86527,0.00032
549,6,0.080797,0.000516
550,8,1.40401,0.000559
551,7,0.080405,6.8e-005
552,61,36.2368,0.000217
553,12,0.217148,1.9e-005
554,9,1.39926,0.000155
555,11,2.88693,3e-005
556,12,0.172728,0.001249
557,8,7.81494,8e-006
558,23,0.411478,0.000316
559,17,19.2581,2.2e-005
560,34,12.8349,0.000168
561,27,10.0664,2.2e-005
562,15,8.42222,7e-006
563,19,10.8175,2.6e-005
564,16,2.91845,7.6e-005
565,6,0.843892,0.000242
566,35,9.41536,0.000144
567,11,7.62647,0.000101
568,17,1.65342,4.2e-005
569,13,13.092,0.000116
570,21,8.89658,1.9e-005
571,8,5.23718,0.000125
572,14,6.96416,0.000119
573,8,0.240312,1.1e-005
574,13,0.910089,7.2e-005
575,8,4.14629,3.1e-005
576,3,0.029698,0.000296
577,22,6.0756,5.3e-005
578,10,6.28807,2.4e-005
579,28,7.97081,0.000528
580,8,0.109647,8.3e-005
581,13,1.5091,1e-005
582,5,0.053759,0.000104
583,8,0.170845,2.5e-005
584,5,5.17637,5.8e-005
585,16,5.21695,1.6e-005
586,21,9.10137,7.5e-005
587,10,2.4818,0.000541
588,18,3.73121,3.9e-005
589,23,2.3476,2.8e-005
590,26,6.79835,3.2e-005
591,13,10.938,1e-005
592,20,3.8636,9.5e-005
593,9,0.121392,0.000178
594,37,13.6819,8.9e-005
595,22,12.6487,0.000522
596,7,2.0459,0.000119
597,15,6.13815,1.3e-005
598,20,9.10964,0.000103
599,22,11.457,2.1e-005
600,12,2.18862,7e-006
601,14,3.00393,0.000241
602,8,5.13852,0.0001
603,13,0.203055,2.4e-005
604,12,8.43445,0.000131
605,9,0.194241,1.6e-005
606,23,9.17977,0.00018
607,10,3.05391,0.000113
608,5,0.05016,0.00023
609,15,4.17418,5e-005
610,21,1.97344,0.000122
611,44,14.0914,0.000167
612,26,1.2141,0.000326
613,10,0.169953,0.000147
614,9,0.120213,3.6e-005
615,21,5.87257,0.000409
616,7,2.1109,3.5e-005
617,10,0.128217,0.000139
618,13,1.62741,0.000167
619,26,5.7629,0.000286
620,13,0.505454,0.000182
621,19,7.74878,0.000134
622,12,1.5006,6.6e-005
623,12,1.5465,0.000177
624,5,0.061767,0.000101
625,36,5.05531,0.000172
626,9,0.127285,2.4e-005
627,3,0.028376,0.000146
628,13,0.189343,2.7e-005
629,8,0.138651,8e-005
630,5,0.072527,0.00031
631,17,6.46241,9e-005
632,11,0.149895,8.4e-005
633,8,5.01989,6e-006
634,11,4.10995,2e-005
635,8,0.142302,8.2e-005
636,33,12.1668,9e-005
637,16,8.01419,4e-006
638,19,4.46079,9.6e-005
639,16,1.60855,0.000149
640,27,1.7197,0.000455
641,9,10.5323,6.6e-005
642,12,5.3484,0.000129
643,56,37.8109,4.6e-005
644,7,2.07014,5e-005
645,7,0.093734,0.00013
646,5,0.074719,6.7e-005
647,4,0.051202,0.000352
648,15,0.601015,6e-005
649,14,7.17998,2.3e-005
650,23,10.1842,1.8e-005
651,18,6.4126,7e-005
652,6,0.120454,2.9e-005
653,9,9.33544,1.7e-005
654,14,3.04747,0.000124
655,10,2.8161,0.000209
656,25,3.6561,6.1e-005
657,25,20.2744,4.5e-005
658,10,4.57136,5.5e-005
659,16,3.60365,0.00015
660,9,1.779,4.8e-005
661,5,0.081379,0.000136
662,9,5.23509,5.7e-005
663,15,9.46902,0.000478
664,4,0.032911,0.000367
665,5,0.068799,4.5e-005
666,20,0.405845,0.000119
667,18,1.5219,6.4e-005
668,23,0.394137,0.000129
669,10,2.12434,0.000225
670,67,19.7651,6.3e-005
671,15,3.60701,3.9e-005
672,16,2.97636,0.000188
673,9,2.27003,0.000134
674,7,0.080108,0.000109
675,14,2.40751,8e-006
676,37,24.1523,8.8e-005
677,4,2.11883,5.7e-005
678,21,4.28709,0.000104
679,4,4.06829,0.000159
680,21,7.21172,7.5e-005
681,15,2.97326,3.9e-005
682,9,0.132728,4.1e-005
683,11,2.79642,9.5e-005
684,12,0.198114,7.5e-005
685,6,2.20251,6.4e-005
686,7,0.106315,8e-005
687,12,4.16845,8.1e-005
688,8,0.11793,6.7e-005
689,32,12.0278,3.3e-005
690,26,11.9431,0.000272
691,9,3.04729,8.2e-005
692,5,0.068702,0.000151
693,16,6.84073,0.00028
694,9,3.54522,7.7e-005
695,9,4.90674,3.9e-005
696,23,8.51079,3.7e-005
697,4,0.039701,0.000251
698,18,4.58546,1.5e-005
699,28,21.4163,4.4e-005
700,15,0.25686,0.000158
701,9,2.11895,7.7e-005
702,37,19.7278,7.1e-005
703,5,4.95494,1.4e-005
704,5,0.056778,0.001432
705,5,0.064625,0.000195
706,8,0.112693,0.000148
707,13,5.25386,5.4e-005
708,33,14.8342,2e-006
709,10,0.119372,0.000173
710,28,4.42662,3e-005
711,15,1.50748,0.000353
712,10,2.94218,0.000205
713,16,0.236617,0.000118
714,17,14.0055,3e-006
715,21,6.60115,0.000287
716,10,0.169785,2.8e-005
717,11,5.03227,0.000421
718,9,0.13122,6.6e-005
719,25,9.77689,4.4e-005
720,8,0.100194,0.000252
721,25,8.05386,7.4e-005
722,20,4.69558,7.3e-005
723,7,0.146306,5.1e-005
724,12,0.525619,1.9e-005
725,20,2.22532,2.1e-005
726,10,0.166242,3.9e-005
727,20,8.88991,0.000402
728,8,0.111727,0.000944
729,19,6.59288,0.000257
730,11,0.131938,0.000113
731,21,7.90214,0.000474
732,11,2.64826,8.5e-005
733,6,0.077787,0.000396
734,10,1.30168,0.000272
735,6,0.073688,6.4e-005
736,6,0.085513,0.000229
737,12,0.184278,0.000165
738,10,0.170427,0.000114
739,42,17.2544,3.8e-005
740,18,7.69891,0.000108
741,27,3.04656,2.2e-005
742,13,3.99867,0.000124
743,6,0.072591,0.000187
744,17,4.66575,5.3e-005
745,16,2.37531,7.9e-005
746,7,2.15291,0.000117
747,16,3.44659,0.00035
748,8,0.096786,6.2e-005
749,5,0.046601,1.2e-005
750,14,2.09945,0.00018
751,11,0.148473,1.6e-005
752,8,0.169887,5.9e-005
753,12,7.43584,7.3e-005
754,10,0.158392,4.8e-005
755,25,14.1282,0.000154
756,37,11.6691,0.000109
757,11,4.65529,3.6e-005
758,18,6.76741,3.1e-005
759,10,6.65685,0.000221
760,25,4.12167,2.8e-005
761,29,2.75052,0.000109
762,8,1.99143,9.8e-005
763,16,2.44151,3e-005
764,14,3.68883,0.000298
765,21,2.94024,0.000518
766,22,7.75743,0.000234
767,6,4.02613,0.00013
768,6,0.080764,0.000393
769,14,7.45395,2.7e-005
770,11,0.184017,0.00135
771,11,0.121033,0.000179
772,6,4.18849,5.2e-005
773,28,2.05879,0.000234
774,16,7.90218,6e-006
775,11,0.160551,0.000415
776,11,0.243474,9.4e-005
777,13,17.6905,5.8e-005
778,13,0.142325,4.8e-005
779,9,0.998406,6.3e-005
780,14,3.0333,6.8e-005
781,4,2.01948,3.3e-005
782,7,3.08641,3.2e-005
783,9,0.767678,0.000103
784,22,7.97626,0.000276
785,23,4.09668,8.5e-005
786,7,0.102777,0.000156
787,8,4.77132,2e-006
788,15,0.199543,0.000252
789,19,4.74085,0.000306
790,29,7.59935,5.3e-005
791,22,8.43994,8.9e-005
792,13,0.157302,0.000142
793,8,0.128624,0.000108
794,13,5.04397,0.000102
795,6,5.57402,8.6e-005
796,8,0.097606,0.000671
797,9,5.23088,5.8e-005
798,13,1.56741,2.2e-005
799,15,1.23213,0.000109
800,10,2.11104,0.000113
801,15,1.55295,0.000257
802,14,8.12755,6e-005
803,27,5.29304,0.000742
804,36,32.86,0.000125
805,10,9.5522,7.2e-005
806,11,1.84124,3e-005
807,8,2.589,0.000136
808,15,0.923648,0.000169
809,10,0.179852,9e-005
810,15,3.8603,5.2e-005
811,20,6.59099,0.000319
812,13,5.69351,3.5e-005
813,10,0.229136,2.1e-005
814,2,0.019317,0.003102
815,16,10.8071,0.000211
816,10,1.84935,0.000105
817,28,5.33615,0.000199
818,6,0.091181,7.7e-005
819,28,0.391512,7.9e-005
820,6,0.083074,0.000139
821,11,3.77832,4.8e-005
822,4,0.030143,0.000228
823,4,0.049083,0.000163
824,19,1.5796,1.3e-005
825,9,2.00201,0.00047
826,14,0.18652,6.7e-005
827,11,3.1786,3.1e-005
828,14,0.247517,0.000294
829,15,11.6471,1e-005
830,12,0.133021,0.000231
831,4,0.045392,0.000444
832,13,0.199708,0.000144
833,11,5.29655,0.000109
834,23,5.32614,0.001012
835,6,0.084506,3.8e-005
836,69,17.4771,0.000298
837,20,14.6767,0.000224
838,5,0.833806,0.000381
839,17,4.4859,0.000242
840,7,4.78059,1e-005
841,5,0.07029,0.000147
842,16,5.58086,2.9e-005
843,30,22.9149,7.7e-005
844,41,9.99439,9.7e-005
845,19,0.948414,2.6e-005
846,26,1.56505,1.4e-005
847,22,10.075,0.000211
848,8,0.094608,4.9e-005
849,8,1.93896,0.000369
850,6,0.071197,0.000143
851,23,9.77831,9.4e-005
852,14,8.52586,5.8e-005
853,10,0.804724,0.000226
854,44,8.39678,5.7e-005
855,27,4.09781,8e-005
856,40,8.03234,9.9e-005
857,4,0.039087,0.000168
858,17,0.896283,3.8e-005
859,12,7.57789,0.000141
860,21,2.88836,9e-006
861,6,0.080785,3e-006
862,10,0.162026,0.000152
863,21,7.25452,0.000368
864,7,0.149506,0.00018
865,19,9.42957,0.000119
866,34,5.57747,6e-005
867,10,0.175794,0.000101
868,50,32.1322,0.000164
869,30,6.74596,0.000395
870,45,12.9857,0.000114
871,13,3.91039,0.00034
872,8,0.108351,0.00013
873,22,8.73598,8.1e-005
874,10,0.130108,0.000399
875,23,8.92787,0.000201
876,20,6.7843,0.000222
877,16,1.45579,0.000114
878,8,0.100655,6.6e-005
879,16,0.830474,7.6e-005
880,20,0.290796,0.000222
881,7,3.66897,0.000363
882,13,2.09245,6.4e-005
883,38,13.4334,5.8e-005
884,17,6.68288,4.4e-005
885,35,12.5357,1.7e-005
886,9,2.62059,6.7e-005
887,15,2.80938,0.000176
888,18,0.279045,0.000106
889,37,15.1894,0.000157
890,6,3.82754,6.8e-005
891,7,1.42697,0.000134
892,13,9.03459,4.6e-005
893,15,6.66648,0.000203
894,11,3.76265,0.000152
895,11,0.602981,8.2e-005
896,16,2.88209,3.5e-005
897,5,0.070095,0.000192
898,4,0.045173,0.00021
899,19,1.52491,0.000171
900,26,10.361,0.000157
901,7,3.81904,2.6e-005
902,5,0.069991,0.001919
903,10,0.109021,6.6e-005
904,23,10.2117,0.000143
905,22,2.4531,7.3e-005
906,34,14.1192,4.5e-005
907,7,5.89275,1.2e-005
908,14,5.63857,5e-005
909,14,6.60854,0.000617
910,24,4.39335,0.000107
911,9,1.31547,0.00056
912,22,5.12517,0.00018
913,10,0.133366,1.1e-005
914,10,3.96144,7.3e-005
915,11,0.487534,5.1e-005
916,7,0.091285,4.5e-005
917,19,8.84986,1.1e-005
918,20,5.9833,7.6e-005
919,22,13.6467,0.000121
920,8,5.18932,0.000143
921,18,0.297722,0.000192
922,28,6.68396,0.000265
923,8,5.19424,3e-005
924,27,13.6549,8.6e-005
925,11,6.99248,2e-006
926,5,0.062508,9.8e-005
927,6,0.053575,8.2e-005
928,8,1.4119,7e-006
929,14,2.46925,3.5e-005
930,17,2.11046,2.9e-005
931,24,4.14402,0.000614
932,19,0.282738,0.000131
933,20,0.946764,4.6e-005
934,8,0.195635,3.3e-005
935,7,0.091369,0.000126
936,23,8.69954,0.000241
937,18,6.45747,0.000181
938,8,1.95792,4.9e-005
939,19,5.77937,8.7e-005
940,10,5.78483,0.000216
941,12,0.17411,4.7e-005
942,4,0.044096,0.000161
943,8,4.83571,0.000232
944,19,3.93292,3.8e-005
945,22,6.41345,0.00025
946,13,3.91181,1.9e-005
947,9,4.70768,7.5e-005
948,14,8.63985,4.7e-005
949,21,3.28868,5.5e-005
950,5,0.0486,0.000115
951,58,24.6151,0.000128
952,29,9.00544,0.000131
953,9,1.92036,0.000188
954,16,8.22042,0.000508
955,11,0.172036,5e-006
956,5,0.074089,0.000359
957,9,1.42674,3.4e-005
958,23,4.23023,0.000192
959,26,4.0664,1.9e-005
960,9,3.73612,9.9e-005
961,10,5.64392,2.9e-005
962,6,0.09251,0.000128
963,38,12.5145,0.000481
964,19,7.55979,0.000163
965,9,2.00994,0.000109
966,10,0.127684,3.1e-005
967,10,0.179214,0.000392
968,32,13.9222,2.7e-005
969,16,2.77856,3.4e-005
970,6,0.720225,8.4e-005
971,16,1.46009,0.000244
972,5,0.07578,0.00035
973,7,0.120688,0.00032
974,7,0.068514,9.5e-005
975,25,7.87181,7.9e-005
976,12,7.45958,5e-005
977,29,8.74234,5.8e-005
978,21,6.95447,0.000119
979,9,0.109683,6.6e-005
980,17,12.3745,3.1e-005
981,27,11.8994,7.2e-005
982,13,3.08664,0.000164
983,14,5.13566,0.000101
984,8,0.071953,4.2e-005
985,16,0.278838,4.5e-005
986,12,2.12876,0.000127
987,16,7.43754,0.000386
988,10,6.59739,6.8e-005
989,30,6.3664,0.000256
990,9,2.63244,8e-005
991,15,4.85958,5e-005
992,10,6.32926,0.000143
993,13,1.38254,1.5e-005
994,16,3.89485,5.6e-005
995,10,0.113038,3.4e-005
996,19,8.93606,8.9e-005
997,23,18.3719,3.1e-005
998,25,6.08922,0.000326
999,10,3.37109,3.4e-005
1000,4,0.036597,0.000283
